{"cameraMode":{"drawMode":0,"name":"Shaded","section":"Shading Mode"},"sceneLighting":false,"audioPlay":false,"sceneViewState":{"m_AlwaysRefresh":false,"showFog":true,"showSkybox":false,"showFlares":true,"showImageEffects":true,"showParticleSystems":true,"showVisualEffectGraphs":true,"m_FxEnabled":true},"in2DMode":false,"pivot":{"x":-20.858646392822267,"y":0.13419872522354127,"z":-4.482274055480957},"rotation":{"x":0.08157922327518463,"y":-0.5220059752464294,"z":0.04998282343149185,"w":0.8476608395576477},"size":0.43673664331436159,"orthographic":false}