{"cameraMode":{"drawMode":0,"name":"Shaded","section":"Shading Mode"},"sceneLighting":false,"audioPlay":false,"sceneViewState":{"m_AlwaysRefresh":false,"showFog":true,"showSkybox":false,"showFlares":true,"showImageEffects":true,"showParticleSystems":true,"showVisualEffectGraphs":true,"m_FxEnabled":true},"in2DMode":false,"pivot":{"x":-0.3526889383792877,"y":0.4842551052570343,"z":0.030319539830088617},"rotation":{"x":-0.18697886168956757,"y":0.4180404841899872,"z":-0.08837320655584336,"w":-0.8845983743667603},"size":0.9722316861152649,"orthographic":false}