{"cameraMode":{"drawMode":0,"name":"Shaded","section":"Shading Mode"},"sceneLighting":false,"audioPlay":false,"sceneViewState":{"m_AlwaysRefresh":false,"showFog":true,"showSkybox":false,"showFlares":true,"showImageEffects":true,"showParticleSystems":true,"showVisualEffectGraphs":true,"m_FxEnabled":true},"in2DMode":false,"pivot":{"x":0.07934749126434326,"y":-0.09412705898284912,"z":-0.002302439883351326},"rotation":{"x":0.25131097435951235,"y":-0.6681975722312927,"z":0.2604171931743622,"w":0.6512827277183533},"size":0.7681145668029785,"orthographic":false}