{"cameraMode":{"drawMode":0,"name":"Shaded","section":"Shading Mode"},"sceneLighting":false,"audioPlay":false,"sceneViewState":{"m_AlwaysRefresh":false,"showFog":true,"showSkybox":false,"showFlares":true,"showImageEffects":true,"showParticleSystems":true,"showVisualEffectGraphs":true,"m_FxEnabled":true},"in2DMode":false,"pivot":{"x":-0.6884784698486328,"y":2.8895530700683595,"z":-14.816009521484375},"rotation":{"x":0.25295376777648928,"y":-0.5794939994812012,"z":0.21243500709533692,"w":0.7451484203338623},"size":19.095060348510743,"orthographic":false}