{"cameraMode":{"drawMode":0,"name":"Shaded","section":"Shading Mode"},"sceneLighting":false,"audioPlay":false,"sceneViewState":{"m_AlwaysRefresh":false,"showFog":true,"showSkybox":false,"showFlares":true,"showImageEffects":true,"showParticleSystems":true,"showVisualEffectGraphs":true,"m_FxEnabled":true},"in2DMode":false,"pivot":{"x":-0.20557117462158204,"y":0.43177884817123415,"z":0.0068336594849824909},"rotation":{"x":-0.4418867528438568,"y":0.5528311133384705,"z":-0.4529338479042053,"w":-0.5436557531356812},"size":0.735220193862915,"orthographic":false}