{"cameraMode":{"drawMode":0,"name":"Shaded","section":"Shading Mode"},"sceneLighting":false,"audioPlay":false,"sceneViewState":{"m_AlwaysRefresh":false,"showFog":true,"showSkybox":true,"showFlares":true,"showImageEffects":true,"showParticleSystems":true,"showVisualEffectGraphs":true,"m_FxEnabled":true},"in2DMode":false,"pivot":{"x":6.519584655761719,"y":3.4462289810180666,"z":-0.5294134020805359},"rotation":{"x":-0.3640598952770233,"y":-0.023224813863635064,"z":-0.003577542956918478,"w":-0.9312124252319336},"size":7.754310131072998,"orthographic":true}