{"cameraMode":{"drawMode":0,"name":"Shaded","section":"Shading Mode"},"sceneLighting":false,"audioPlay":false,"sceneViewState":{"m_AlwaysRefresh":false,"showFog":true,"showSkybox":false,"showFlares":true,"showImageEffects":true,"showParticleSystems":true,"showVisualEffectGraphs":true,"m_FxEnabled":true},"in2DMode":false,"pivot":{"x":-0.19737881422042848,"y":0.08277852833271027,"z":0.014649993740022183},"rotation":{"x":-0.46308785676956179,"y":0.5243765711784363,"z":-0.4269091486930847,"w":-0.5737623572349548},"size":0.8449475765228272,"orthographic":true}