{"cameraMode":{"drawMode":0,"name":"Shaded","section":"Shading Mode"},"sceneLighting":false,"audioPlay":false,"sceneViewState":{"m_AlwaysRefresh":false,"showFog":true,"showSkybox":false,"showFlares":true,"showImageEffects":true,"showParticleSystems":true,"showVisualEffectGraphs":true,"m_FxEnabled":true},"in2DMode":false,"pivot":{"x":0.016392230987548829,"y":1.5415440797805787,"z":-18.962112426757814},"rotation":{"x":0.21117278933525086,"y":-0.7284209728240967,"z":0.2815352976322174,"w":0.5879799723625183},"size":9.854263305664063,"orthographic":false}