{"cameraMode":{"drawMode":0,"name":"Shaded","section":"Shading Mode"},"sceneLighting":false,"audioPlay":false,"sceneViewState":{"m_AlwaysRefresh":false,"showFog":true,"showSkybox":false,"showFlares":true,"showImageEffects":true,"showParticleSystems":true,"showVisualEffectGraphs":true,"m_FxEnabled":true},"in2DMode":false,"pivot":{"x":-13.064343452453614,"y":4.46714973449707,"z":-13.368915557861329},"rotation":{"x":0.02008165419101715,"y":0.930189847946167,"z":-0.36494287848472597,"w":0.044617630541324618},"size":1.1277903318405152,"orthographic":true}