{"cameraMode":{"drawMode":0,"name":"Shaded","section":"Shading Mode"},"sceneLighting":false,"audioPlay":false,"sceneViewState":{"m_AlwaysRefresh":false,"showFog":true,"showSkybox":false,"showFlares":true,"showImageEffects":true,"showParticleSystems":true,"showVisualEffectGraphs":true,"m_FxEnabled":true},"in2DMode":false,"pivot":{"x":1.4380921125411988,"y":1.7539584636688233,"z":-0.10193014144897461},"rotation":{"x":-0.19225671887397767,"y":0.6751908659934998,"z":-0.1890406757593155,"w":-0.6866335868835449},"size":6.4555134773254398,"orthographic":true}