{"cameraMode":{"drawMode":0,"name":"Shaded","section":"Shading Mode"},"sceneLighting":false,"audioPlay":false,"sceneViewState":{"m_AlwaysRefresh":false,"showFog":true,"showSkybox":false,"showFlares":true,"showImageEffects":true,"showParticleSystems":true,"showVisualEffectGraphs":true,"m_FxEnabled":true},"in2DMode":false,"pivot":{"x":0.5184435844421387,"y":-0.49523696303367617,"z":0.08149904012680054},"rotation":{"x":0.3166532814502716,"y":-0.01248855423182249,"z":0.01651776395738125,"w":0.948394775390625},"size":2.5739924907684328,"orthographic":false}